{
  "overall": {
    "precision": 0.4666666666666667,
    "recall": 1.0,
    "f1_score": 0.6363636363636364,
    "mean_map": 1.0,
    "mean_mrr": 1.0
  },
  "at_k_metrics": {
    "precision": {
      "1": 1.0,
      "3": 0.4666666666666666,
      "5": 0.4666666666666666,
      "10": 0.4666666666666666
    },
    "recall": {
      "1": 0.8,
      "3": 1.0,
      "5": 1.0,
      "10": 1.0
    },
    "f1": {
      "1": 0.8666666666666666,
      "3": 0.6199999999999999,
      "5": 0.6199999999999999,
      "10": 0.6199999999999999
    },
    "ndcg": {
      "1": 1.0,
      "3": 1.0,
      "5": 1.0,
      "10": 1.0
    }
  },
  "category_metrics": {
    "geographic": {
      "precision_at_5": 0.5,
      "recall_at_10": 1.0,
      "f1_at_5": 0.65,
      "map": 1.0
    },
    "administrative": {
      "precision_at_5": 0.3333333333333333,
      "recall_at_10": 1.0,
      "f1_at_5": 0.5,
      "map": 1.0
    },
    "historical": {
      "precision_at_5": 0.3333333333333333,
      "recall_at_10": 1.0,
      "f1_at_5": 0.5,
      "map": 1.0
    },
    "semantic": {
      "precision_at_5": 0.6666666666666666,
      "recall_at_10": 1.0,
      "f1_at_5": 0.8,
      "map": 1.0
    }
  },
  "timestamp": "2025-08-23T21:04:29.196825"
}