{
  "nomic-embed-text": {
    "precision": 0.10999999999999999,
    "recall": 0.6,
    "f1_score": 0.18251748251748254,
    "total_queries": 10
  },
  "mxbai-embed-large": {
    "precision": 0.09,
    "recall": 0.5,
    "f1_score": 0.1491841491841492,
    "total_queries": 10
  }
}